{
  "H": 0.05,
  "eta": 1.9,
  "xi0": 0.04,
  "rho": -0.9,
  "arch": "spectral",
  "seed": 0,
  "epochs": 3000,
  "psd": "asymp",
  "final_loss": 0.01599176600575447,
  "H_est": 0.141889749359481,
  "H_error": 0.09188974935948101,
  "iv_rmse": 1.4267171489375843,
  "train_time_s": 58.89943718910217,
  "n_params": 126
}