{
  "H": 0.07,
  "eta": 1.9,
  "xi0": 0.04,
  "rho": -0.9,
  "arch": "causal",
  "seed": 0,
  "epochs": 3000,
  "final_loss": 0.018805595114827156,
  "H_est": 0.0680002316003558,
  "H_error": 0.0019997683996442056,
  "iv_rmse": 1.305348373042086,
  "train_time_s": 217.58382368087769,
  "n_params": 252
}