{
  "H": 0.05,
  "eta": 1.9,
  "xi0": 0.04,
  "rho": -0.9,
  "arch": "mlp",
  "seed": 2,
  "epochs": 500,
  "final_loss": 0.015388265252113342,
  "H_est": 0.06155867713939746,
  "H_error": 0.011558677139397455,
  "iv_rmse": 6.063533634791563,
  "train_time_s": 95.76215815544128,
  "n_params": 40892
}