{
  "H": 0.05,
  "eta": 1.9,
  "xi0": 0.04,
  "rho": -0.9,
  "arch": "causal",
  "seed": 1,
  "epochs": 3000,
  "final_loss": 0.017939800396561623,
  "H_est": 0.05550599445708189,
  "H_error": 0.005505994457081886,
  "iv_rmse": 2.011038092741093,
  "train_time_s": 209.2703561782837,
  "n_params": 252
}