{
  "H": 0.05,
  "eta": 1.9,
  "xi0": 0.04,
  "rho": -0.9,
  "arch": "spectral",
  "seed": 0,
  "epochs": 3000,
  "final_loss": 0.015991762280464172,
  "H_est": 0.06337988056721872,
  "H_error": 0.013379880567218713,
  "iv_rmse": 0.676367525486296,
  "train_time_s": 49.3804452419281,
  "n_params": 126
}