{
  "H": 0.05,
  "eta": 1.9,
  "xi0": 0.04,
  "rho": -0.9,
  "arch": "causal",
  "seed": 0,
  "epochs": 3000,
  "final_loss": 0.01752862147986889,
  "H_est": 0.04439132180450276,
  "H_error": 0.005608678195497242,
  "iv_rmse": 1.9314955543382308,
  "train_time_s": 58.40465331077576,
  "n_params": 252
}