{
  "H": 0.05,
  "eta": 1.9,
  "xi0": 0.04,
  "rho": -0.9,
  "arch": "spectral",
  "seed": 2,
  "epochs": 3000,
  "final_loss": 0.01461765356361866,
  "H_est": 0.06331036776011496,
  "H_error": 0.01331036776011496,
  "iv_rmse": 1.0904500066895524,
  "train_time_s": 198.88759112358093,
  "n_params": 126
}