{
  "H": 0.05,
  "eta": 1.9,
  "xi0": 0.04,
  "rho": -0.9,
  "arch": "spectral",
  "seed": 3,
  "epochs": 3000,
  "psd": "exact",
  "final_loss": 0.014231737703084946,
  "H_est": 0.06415413992799314,
  "H_error": 0.014154139927993137,
  "iv_rmse": 2.463439017924442,
  "train_time_s": 223.27451729774475,
  "n_params": 126
}