{
  "H": 0.05,
  "eta": 1.9,
  "xi0": 0.04,
  "rho": -0.9,
  "arch": "mlp",
  "seed": 1,
  "epochs": 500,
  "final_loss": 0.007213097531348467,
  "H_est": 0.06514809087602065,
  "H_error": 0.015148090876020648,
  "iv_rmse": 2.3225693570338803,
  "train_time_s": 98.6050193309784,
  "n_params": 40892
}