{
  "H": 0.05,
  "eta": 1.9,
  "xi0": 0.04,
  "rho": -0.9,
  "arch": "mlp",
  "seed": 0,
  "epochs": 500,
  "final_loss": 0.006405191030353308,
  "H_est": 0.06396572596869349,
  "H_error": 0.013965725968693485,
  "iv_rmse": 9.890954393228927,
  "train_time_s": 37.78684210777283,
  "n_params": 40892
}