{
  "H": 0.05,
  "eta": 1.9,
  "xi0": 0.04,
  "rho": -0.9,
  "arch": "spectral",
  "seed": 1,
  "epochs": 3000,
  "final_loss": 0.015033818781375885,
  "H_est": 0.06395354456620202,
  "H_error": 0.013953544566202014,
  "iv_rmse": 1.0265796502547886,
  "train_time_s": 43.17344665527344,
  "n_params": 126
}