{
  "H": 0.05,
  "eta": 1.9,
  "xi0": 0.04,
  "rho": -0.9,
  "arch": "spectral",
  "seed": 0,
  "epochs": 500,
  "final_loss": 0.01638955995440483,
  "H_est": 0.06443278772584679,
  "H_error": 0.014432787725846788,
  "iv_rmse": 0.6963046215781089,
  "train_time_s": 1.684539556503296,
  "n_params": 126
}