{
  "H": 0.05,
  "eta": 1.9,
  "xi0": 0.04,
  "rho": -0.9,
  "arch": "causal",
  "seed": 3,
  "epochs": 3000,
  "final_loss": 0.013662675395607948,
  "H_est": 0.04895196949436723,
  "H_error": 0.0010480305056327702,
  "iv_rmse": 2.4908835262660167,
  "train_time_s": 121.27713894844055,
  "n_params": 252
}