{
  "H": 0.05,
  "eta": 1.9,
  "xi0": 0.04,
  "rho": -0.9,
  "arch": "causal",
  "seed": 0,
  "epochs": 500,
  "final_loss": 0.013989077880978584,
  "H_est": 0.07894225128899765,
  "H_error": 0.028942251288997647,
  "iv_rmse": 2.0835440462530435,
  "train_time_s": 23.187565326690674,
  "n_params": 252
}