{
  "H": 0.07,
  "eta": 1.9,
  "xi0": 0.04,
  "rho": -0.9,
  "arch": "causal",
  "seed": 0,
  "epochs": 500,
  "final_loss": 0.014604194089770317,
  "H_est": 0.0960005342072537,
  "H_error": 0.026000534207253692,
  "iv_rmse": 1.94864647509405,
  "train_time_s": 54.46565794944763,
  "n_params": 252
}