{
  "H": 0.1,
  "eta": 1.5,
  "xi0": 0.04,
  "rho": -0.9,
  "arch": "spectral",
  "seed": 0,
  "epochs": 3000,
  "final_loss": 0.015991762280464172,
  "H_est": 0.10899818788955992,
  "H_error": 0.008998187889559917,
  "iv_rmse": 0.5715991721517613,
  "train_time_s": 64.54187655448914,
  "n_params": 126
}