{
  "H": 0.1,
  "eta": 1.9,
  "xi0": 0.04,
  "rho": -0.9,
  "arch": "causal",
  "seed": 2,
  "epochs": 3000,
  "final_loss": 0.015995606780052185,
  "H_est": 0.09139369030487436,
  "H_error": 0.008606309695125644,
  "iv_rmse": 1.7708747165889203,
  "train_time_s": 125.9404444694519,
  "n_params": 252
}