{
  "H": 0.1,
  "eta": 1.9,
  "xi0": 0.04,
  "rho": -0.9,
  "arch": "causal",
  "seed": 0,
  "epochs": 500,
  "final_loss": 0.015091725625097752,
  "H_est": 0.12394448064407107,
  "H_error": 0.023944480644071064,
  "iv_rmse": 2.0054477369118637,
  "train_time_s": 26.179396152496338,
  "n_params": 252
}