{
  "H": 0.15,
  "eta": 1.9,
  "xi0": 0.04,
  "rho": -0.9,
  "arch": "causal",
  "seed": 0,
  "epochs": 3000,
  "final_loss": 0.014482676982879639,
  "H_est": 0.16055033345183817,
  "H_error": 0.010550333451838173,
  "iv_rmse": 1.3002764735255061,
  "train_time_s": 204.23010301589966,
  "n_params": 252
}