{
  "H": 0.15,
  "eta": 1.9,
  "xi0": 0.04,
  "rho": -0.9,
  "arch": "causal",
  "seed": 0,
  "epochs": 500,
  "final_loss": 0.01657172478735447,
  "H_est": 0.15558231164195205,
  "H_error": 0.0055823116419520535,
  "iv_rmse": 1.7142778533911203,
  "train_time_s": 17.60755467414856,
  "n_params": 252
}