{
  "H": 0.1,
  "eta": 1.9,
  "xi0": 0.04,
  "rho": -0.9,
  "arch": "causal",
  "seed": 1,
  "epochs": 3000,
  "final_loss": 0.01472795195877552,
  "H_est": 0.10247915004766066,
  "H_error": 0.0024791500476606526,
  "iv_rmse": 1.9901012954456074,
  "train_time_s": 122.26198816299438,
  "n_params": 252
}