{
  "H": 0.1,
  "eta": 1.9,
  "xi0": 0.04,
  "rho": -0.9,
  "arch": "spectral",
  "seed": 2,
  "epochs": 3000,
  "psd": "exact",
  "final_loss": 0.014617645181715488,
  "H_est": 0.10889280323862263,
  "H_error": 0.008892803238622626,
  "iv_rmse": 0.9804108339186424,
  "train_time_s": 225.54167580604553,
  "n_params": 126
}