{
  "H": 0.1,
  "eta": 1.9,
  "xi0": 0.04,
  "rho": -0.9,
  "arch": "mlp",
  "seed": 0,
  "epochs": 3000,
  "psd": "exact",
  "final_loss": 0.002142699435353279,
  "H_est": 0.10650135898679342,
  "H_error": 0.00650135898679341,
  "iv_rmse": 14.563291250010984,
  "train_time_s": 482.8654317855835,
  "n_params": 40892
}