{
  "H": 0.1,
  "eta": 2.3,
  "xi0": 0.04,
  "rho": -0.9,
  "arch": "causal",
  "seed": 0,
  "epochs": 3000,
  "final_loss": 0.01771916076540947,
  "H_est": 0.0954944048222197,
  "H_error": 0.0045055951777803055,
  "iv_rmse": 1.5601736281858427,
  "train_time_s": 151.94324469566345,
  "n_params": 252
}