{
  "H": 0.1,
  "eta": 1.9,
  "xi0": 0.04,
  "rho": -0.9,
  "arch": "spectral",
  "seed": 1,
  "epochs": 3000,
  "final_loss": 0.015033816918730736,
  "H_est": 0.10986129832217441,
  "H_error": 0.009861298322174403,
  "iv_rmse": 1.317004487206888,
  "train_time_s": 198.82175207138062,
  "n_params": 126
}