{
  "H": 0.1,
  "eta": 1.5,
  "xi0": 0.04,
  "rho": -0.9,
  "arch": "spectral",
  "seed": 1,
  "epochs": 3000,
  "psd": "exact",
  "final_loss": 0.015033816918730736,
  "H_est": 0.10986129832217441,
  "H_error": 0.009861298322174403,
  "iv_rmse": 0.674180110802518,
  "train_time_s": 199.11931347846985,
  "n_params": 126
}