{
  "H": 0.2,
  "eta": 1.9,
  "xi0": 0.04,
  "rho": -0.9,
  "arch": "causal",
  "seed": 0,
  "epochs": 3000,
  "final_loss": 0.015689097344875336,
  "H_est": 0.17877785128110912,
  "H_error": 0.021222148718890887,
  "iv_rmse": 1.13016555794217,
  "train_time_s": 249.09930634498596,
  "n_params": 252
}