{
  "H": 0.2,
  "eta": 1.9,
  "xi0": 0.04,
  "rho": -0.9,
  "arch": "causal",
  "seed": 0,
  "epochs": 500,
  "final_loss": 0.020870689302682877,
  "H_est": 0.2276036234173304,
  "H_error": 0.027603623417330386,
  "iv_rmse": 1.8340461713401308,
  "train_time_s": 18.684786558151245,
  "n_params": 252
}