{
  "H": 0.2,
  "eta": 1.9,
  "xi0": 0.04,
  "rho": -0.9,
  "arch": "causal",
  "seed": 1,
  "epochs": 3000,
  "psd": "exact",
  "final_loss": 0.018019458279013634,
  "H_est": 0.15216374078881834,
  "H_error": 0.047836259211181675,
  "iv_rmse": 1.8274959984578822,
  "train_time_s": 291.5520372390747,
  "n_params": 252
}