{
  "H": 0.3,
  "eta": 1.9,
  "xi0": 0.04,
  "rho": -0.9,
  "arch": "spectral",
  "seed": 0,
  "epochs": 3000,
  "final_loss": 0.015991808846592903,
  "H_est": 0.292577935596609,
  "H_error": 0.007422064403390993,
  "iv_rmse": 0.987175627757216,
  "train_time_s": 198.39551758766174,
  "n_params": 126
}