{
  "H": 0.3,
  "eta": 1.9,
  "xi0": 0.04,
  "rho": -0.9,
  "arch": "causal",
  "seed": 0,
  "epochs": 3000,
  "final_loss": 0.014623114839196205,
  "H_est": 0.2977240762989177,
  "H_error": 0.0022759237010823163,
  "iv_rmse": 1.1387764389674906,
  "train_time_s": 250.13856315612793,
  "n_params": 252
}