{
  "H": 0.5,
  "eta": 1.9,
  "xi0": 0.04,
  "rho": -0.9,
  "arch": "causal",
  "seed": 1,
  "epochs": 3000,
  "psd": "exact",
  "final_loss": 0.010454115457832813,
  "H_est": 0.4606070997068312,
  "H_error": 0.039392900293168776,
  "iv_rmse": 1.1482755303973635,
  "train_time_s": 700.5070445537567,
  "n_params": 252
}