{
  "H": 0.5,
  "eta": 1.9,
  "xi0": 0.04,
  "rho": -0.9,
  "arch": "causal",
  "seed": 0,
  "epochs": 3000,
  "psd": "exact",
  "final_loss": 0.015424840152263641,
  "H_est": 0.5152436158958029,
  "H_error": 0.01524361589580292,
  "iv_rmse": 0.799840489760615,
  "train_time_s": 702.0039587020874,
  "n_params": 252
}