{
  "H": 0.5,
  "eta": 1.9,
  "xi0": 0.04,
  "rho": -0.9,
  "arch": "spectral",
  "seed": 0,
  "epochs": 3000,
  "psd": "exact",
  "final_loss": 0.015991685912013054,
  "H_est": 0.47228715442803354,
  "H_error": 0.02771284557196646,
  "iv_rmse": 0.872394298656913,
  "train_time_s": 570.4395053386688,
  "n_params": 126
}