{
  "H": 0.5,
  "eta": 1.9,
  "xi0": 0.04,
  "rho": -0.9,
  "arch": "causal",
  "seed": 2,
  "epochs": 3000,
  "psd": "exact",
  "final_loss": 0.018352411687374115,
  "H_est": 0.5208695196154203,
  "H_error": 0.020869519615420273,
  "iv_rmse": 1.02277516776211,
  "train_time_s": 700.4401354789734,
  "n_params": 252
}