{
  "H": 0.5,
  "eta": 1.9,
  "xi0": 0.04,
  "rho": -0.9,
  "arch": "spectral",
  "seed": 1,
  "epochs": 3000,
  "psd": "exact",
  "final_loss": 0.015033808536827564,
  "H_est": 0.47412165038414017,
  "H_error": 0.02587834961585983,
  "iv_rmse": 0.6546289426747258,
  "train_time_s": 571.358601808548,
  "n_params": 126
}