{
  "H": 0.5,
  "eta": 1.9,
  "xi0": 0.04,
  "rho": -0.9,
  "arch": "spectral",
  "seed": 2,
  "epochs": 3000,
  "psd": "exact",
  "final_loss": 0.01461762934923172,
  "H_est": 0.4720508395663184,
  "H_error": 0.02794916043368162,
  "iv_rmse": 1.1682088883094501,
  "train_time_s": 574.5249998569489,
  "n_params": 126
}